vehicleNumber,date,fuelType,quantity,cost,startOdometer,endOdometer
TN 02 AB 1002,2026-05-01,Diesel,50,4500,10200,10350
TN 03 AB 1003,2026-05-02,Diesel,50,4500,10400,10550
TN 04 AB 1004,2026-05-03,Diesel,50,4500,10600,10750
TN 05 AB 1005,2026-05-04,Diesel,50,4500,10800,10950
TN 01 AB 1001,2026-05-05,Diesel,50,4500,11000,11150
TN 02 AB 1002,2026-05-06,Diesel,50,4500,11200,11350
TN 03 AB 1003,2026-05-07,Diesel,50,4500,11400,11550
TN 04 AB 1004,2026-05-08,Diesel,50,4500,11600,11750
TN 05 AB 1005,2026-05-09,Diesel,50,4500,11800,11950
TN 01 AB 1001,2026-05-10,Diesel,50,4500,12000,12150
TN 02 AB 1002,2026-05-11,Diesel,50,4500,12200,12350
TN 03 AB 1003,2026-05-12,Diesel,50,4500,12400,12550
TN 04 AB 1004,2026-05-13,Diesel,50,4500,12600,12750
TN 05 AB 1005,2026-05-14,Diesel,50,4500,12800,12950
TN 01 AB 1001,2026-05-15,Diesel,50,4500,13000,13150
TN 02 AB 1002,2026-05-16,Diesel,50,4500,13200,13350
TN 03 AB 1003,2026-05-17,Diesel,50,4500,13400,13550
TN 04 AB 1004,2026-05-18,Diesel,50,4500,13600,13750
TN 05 AB 1005,2026-05-19,Diesel,50,4500,13800,13950
TN 01 AB 1001,2026-05-20,Diesel,50,4500,14000,14150