name,registerNumber,department,vehicleNumber,routeName
Student Name 1,2026CS101,Computer Science,TN 02 AB 1002,Route 2
Student Name 2,2026CS102,Computer Science,TN 03 AB 1003,Route 3
Student Name 3,2026CS103,Computer Science,TN 04 AB 1004,Route 1
Student Name 4,2026CS104,Computer Science,TN 05 AB 1005,Route 2
Student Name 5,2026CS105,Computer Science,TN 01 AB 1001,Route 3
Student Name 6,2026CS106,Computer Science,TN 02 AB 1002,Route 1
Student Name 7,2026CS107,Computer Science,TN 03 AB 1003,Route 2
Student Name 8,2026CS108,Computer Science,TN 04 AB 1004,Route 3
Student Name 9,2026CS109,Computer Science,TN 05 AB 1005,Route 1
Student Name 10,2026CS110,Computer Science,TN 01 AB 1001,Route 2
Student Name 11,2026CS111,Computer Science,TN 02 AB 1002,Route 3
Student Name 12,2026CS112,Computer Science,TN 03 AB 1003,Route 1
Student Name 13,2026CS113,Computer Science,TN 04 AB 1004,Route 2
Student Name 14,2026CS114,Computer Science,TN 05 AB 1005,Route 3
Student Name 15,2026CS115,Computer Science,TN 01 AB 1001,Route 1
Student Name 16,2026CS116,Computer Science,TN 02 AB 1002,Route 2
Student Name 17,2026CS117,Computer Science,TN 03 AB 1003,Route 3
Student Name 18,2026CS118,Computer Science,TN 04 AB 1004,Route 1
Student Name 19,2026CS119,Computer Science,TN 05 AB 1005,Route 2
Student Name 20,2026CS120,Computer Science,TN 01 AB 1001,Route 3
Student Name 21,2026CS121,Computer Science,TN 02 AB 1002,Route 1
Student Name 22,2026CS122,Computer Science,TN 03 AB 1003,Route 2
Student Name 23,2026CS123,Computer Science,TN 04 AB 1004,Route 3
Student Name 24,2026CS124,Computer Science,TN 05 AB 1005,Route 1
Student Name 25,2026CS125,Computer Science,TN 01 AB 1001,Route 2
Student Name 26,2026CS126,Computer Science,TN 02 AB 1002,Route 3
Student Name 27,2026CS127,Computer Science,TN 03 AB 1003,Route 1
Student Name 28,2026CS128,Computer Science,TN 04 AB 1004,Route 2
Student Name 29,2026CS129,Computer Science,TN 05 AB 1005,Route 3
Student Name 30,2026CS130,Computer Science,TN 01 AB 1001,Route 1